Category,Policy idea,Exact proposal wording from discussion sessions
Empowering people to protect their data,Allow people to opt out of AI and make that easier,"Increase individual control on their data, like allowing people to view, copy, delete their data."
Empowering people to protect their data,Allow people to opt out of AI and make that easier,Let people opt out of their data being used.
Empowering people to protect their data,Allow people to opt out of AI and make that easier,Make laws to allow opting out of AI and enforce it/give consumers a right to opt out of every automated process.
Empowering people to protect their data,Allow people to opt out of AI and make that easier,Opt out of using AI.
Empowering people to protect their data,Allow people to opt out of AI and make that easier,"Prevent profiting off of AI generated work that uses scrapes or input from works by non-consenting artists. If we protect people's data and allow people to have the choice to allow their data to be used by AI.
• Require every app and software to allow users to opt out of any of your data being fed to AI. It needs to be “in your face”."
Empowering people to protect their data,Allow people to opt out of AI and make that easier,"Privacy or opt out laws.
• Force tech companies to provide non-AI versions of their tool.
• Give recourse to people who have been harmed by AI.
• Explicit ban on facial recognition software."
Empowering people to protect their data,"Limit what personal data AI systems can collect, and let users manage their data",GDPR laws - the state should just adopt that.
Empowering people to protect their data,"Limit what personal data AI systems can collect, and let users manage their data",Information sharing consent: That language should be more simplified for the consumer to understand.
Empowering people to protect their data,"Limit what personal data AI systems can collect, and let users manage their data",Limit collection of data in public settings (so it can’t even get into AI).
Empowering people to protect their data,"Limit what personal data AI systems can collect, and let users manage their data",Stop government agencies from buying our data.
Empowering people to protect their data,Make rules about how AI handles personal data,Add repercussions to violations of privacy.
Empowering people to protect their data,Make rules about how AI handles personal data,"AI filtering and data privacy, they should be able to filter data that should not be released."
Empowering people to protect their data,Make rules about how AI handles personal data,"Align privacy laws with use of AI, protect sensitive data (health records, financial records)."
Empowering people to protect their data,Make rules about how AI handles personal data,Define what should be private.
Empowering people to protect their data,Make rules about how AI handles personal data,Digital identity protection.
Empowering people to protect their data,Make rules about how AI handles personal data,Enforce existing laws & regulations more aggressively.
Empowering people to protect their data,Make rules about how AI handles personal data,Enforce transparency. Be open with what personal data corporations use and how they use it.
Empowering people to protect their data,Make rules about how AI handles personal data,"Enforcing laws against unfair and deceptive behaviors (i.e., UDAP)."
Empowering people to protect their data,Make rules about how AI handles personal data,High legal burden to companies or public agencies getting access to or releasing private data that we produce when we use AI tools.
Empowering people to protect their data,Make rules about how AI handles personal data,"If AI serves CA customers, make sure personal data management meets certain requirements, including data usage, data security, and data sharing. Data security / rights - default auto opt out."
Empowering people to protect their data,Make rules about how AI handles personal data,Independent audits of company privacy policies.
Empowering people to protect their data,Make rules about how AI handles personal data,Practice transparency and encourage businesses to do the same.
Empowering people to protect their data,Make rules about how AI handles personal data,Protect citizens from government abuse of our personal data.
Empowering people to protect their data,Make rules about how AI handles personal data,"Regulation that requires transparency: handling of data, effects of data centers, effects of AI use on people."
Empowering people to protect their data,Make rules about how AI handles personal data,Set rules about getting data off stored servers including voluntary and obligatory restrictions.
Empowering people to protect their data,Make rules about how AI handles personal data,Set rules for how LLMs use private data.
Empowering people to protect their data,Make rules about how AI handles personal data,Transparency by government agencies on collection and use of mass data and AI analyses/machine learning.
Increasing AI research and literacy,Make people aware of how to use AI ethically,Concerted large-scale training / change management approach.
Increasing AI research and literacy,Make people aware of how to use AI ethically,"Guide residents about risks posed by AI, to privacy, children, etc."
Increasing AI research and literacy,Make people aware of how to use AI ethically,Implement some kind of program or class for our digital age to be able to assess the accuracy of AI.
Increasing AI research and literacy,Make people aware of how to use AI ethically,"Provide resources towards AI education:
• Upskill people for AI jobs.
• Provide education and skills (esp to schoolchildren) to healthily interact with AI.
• Regulate AI’s place in education."
Increasing AI research and literacy,Make people aware of how to use AI ethically,Public campaigns to educate people: on AI literacy.
Increasing AI research and literacy,Make people aware of how to use AI ethically,Public service announcements to educate about AI and explain its positive ethical usage.
Increasing AI research and literacy,Make people aware of how to use AI ethically,"Publish practical, vetted directories/guides for how to safely implement AI in a compliant manner. Please include links to actual resources for transparency, especially cost."
Increasing AI research and literacy,Make people aware of how to use AI ethically,Support dissemination of learnings and information as well as applied practices for AI tooling.
Increasing AI research and literacy,Support AI training for workers,Create a training / job path for entertainment workers.
Increasing AI research and literacy,Support AI training for workers,Fund more trainings for state workers on how to use AI.
Increasing AI research and literacy,Support AI training for workers,Offer free AI training for state employees and expanded out to the public.
Increasing AI research and literacy,Support AI training for workers,Research programs to figure out how best to retrain workers.
Increasing AI research and literacy,Support independent research on AI's effects,"Conduct studies on impact of AI on people’s critical thinking, cognition, and learning."
Increasing AI research and literacy,Support independent research on AI's effects,Don’t release AI product without documentation data and research of the effects.
Increasing AI research and literacy,Support independent research on AI's effects,Study how AI impacts critical thinking: There should be more research on the impacts of AI in the workplace generally. We need evidence-based findings to guide how we use it in state agencies and across the state.
Increasing AI research and literacy,Support independent research on AI's effects,We need more evidence on the harm and risks. From there we would be able to define a strategy for how we would approach regulating people and their interaction with chatbots. Then we should provide that to people to make the decision on whether to engage further.
Making sure the public has their say on AI impacts that affect them,Make AI policymaking more open to the public,A forum like this so there is input into these laws.
Making sure the public has their say on AI impacts that affect them,Make AI policymaking more open to the public,Create a citizen peer group to recommend policy changes.
Making sure the public has their say on AI impacts that affect them,Make AI policymaking more open to the public,"Ensure tech / AI experts are in the room when lawmaking decisions are being made. The discussion cannot be one-sided. All people impacted by AI should be at the table when thinking about AI policy creation: tech, non-tech experts, etc."
Making sure the public has their say on AI impacts that affect them,Make AI policymaking more open to the public,"Fund, host, and require state participation in inclusivity efforts and solutioning for underrepresented communities.
• Expand deliberative democracy programs like Engaged CA."
Making sure the public has their say on AI impacts that affect them,Make AI policymaking more open to the public,"Gather and organize individual workers, unions, and stakeholder input (have them involved in strategic decision making by creating tax incentives, or legally requiring for public entities)."
Making sure the public has their say on AI impacts that affect them,Make AI policymaking more open to the public,"Keep soliciting ideas from the public like this, but also take a look at how the government can innovate implementing them. (evolve lawmaking practices)."
Making sure the public has their say on AI impacts that affect them,Make AI policymaking more open to the public,Public forums/ townhalls in public libraries between public and policymakers to inform on AI/technology topics and inform governance.
Making sure the public has their say on AI impacts that affect them,Make AI policymaking more open to the public,"Require AI-regulating commission has all stakeholders represented, including underrepresented groups."
Preserving the rights of humans to choose and decide,Fund programs for human connection and life outside of AI,"Fully fund high quality knowledge and information services (such as education, libraries, mental healthcare)."
Preserving the rights of humans to choose and decide,Fund programs for human connection and life outside of AI,Fund music and art in high schools.
Preserving the rights of humans to choose and decide,Fund programs for human connection and life outside of AI,Fund third-spaces and arts/sports programs to promote community health.
Preserving the rights of humans to choose and decide,Fund programs for human connection and life outside of AI,Go back to in-person learning and testing.
Preserving the rights of humans to choose and decide,"Keep humans in the loop as decision-makers, don't rely solely on AI",Establish guidelines for human evaluation in relevant use cases and encourage accountability to related processes.
Preserving the rights of humans to choose and decide,"Keep humans in the loop as decision-makers, don't rely solely on AI",Human oversight over AI recording and records and the ability to challenge automated transcriptions.
Preserving the rights of humans to choose and decide,"Keep humans in the loop as decision-makers, don't rely solely on AI",Preserve role of human decision makers.
Preserving the rights of humans to choose and decide,"Keep humans in the loop as decision-makers, don't rely solely on AI","Set definitions of what is a robot/AI, what is a human being, what about when robots and humans are combined."
Preserving the rights of humans to choose and decide,Set rules for labeling AI use,"AI citations (label where their information came from).
• Ensure AI advice is labelled as AI and that it provides human resources.
• Amend the rule that requires AI banner so that it actually explains what AI is / what that means/ specifically what part is AI."
Preserving the rights of humans to choose and decide,Set rules for labeling AI use,AI generated images must be identified.
Preserving the rights of humans to choose and decide,Set rules for labeling AI use,"Any company who is using AI needs to identify its usage and what it generates as AI with high penalty (include specificity of how this is implemented, similar to alcohol sales)."
Preserving the rights of humans to choose and decide,Set rules for labeling AI use,"Inform people when they are interacting with a machine vs a human, for example using labelling."
Preserving the rights of humans to choose and decide,Set rules for labeling AI use,Labeling AI clearly in metadata or watermark to easily determine.
Preserving the rights of humans to choose and decide,Set rules for labeling AI use,Labeling rules for AI-generated content possibly using visible and invisible watermarks.
Preserving the rights of humans to choose and decide,Set rules for labeling AI use,Make stronger mandatory and universal (or widely accepted) AI identifiers.
Preserving the rights of humans to choose and decide,Set rules for labeling AI use,More disclosures around sensitive topics (e.g. health information).
Preserving the rights of humans to choose and decide,Set rules for labeling AI use,"People who have invested in AI, knowingly or not, need protections."
Protecting jobs and workers,"Deter layoffs because of AI, reward firms that keep or add workers",Companies that are successful must provide clear financial justification for layoffs and stagnation in hiring when they have the resources and means to retain and hire workforce.
Protecting jobs and workers,"Deter layoffs because of AI, reward firms that keep or add workers",Create incentives to maintain existing or increased labor market.
Protecting jobs and workers,"Deter layoffs because of AI, reward firms that keep or add workers",Disincentivize the firing of workers and incentivise the training of workers.
Protecting jobs and workers,"Deter layoffs because of AI, reward firms that keep or add workers",Incentivize companies to retain human workers.
Protecting jobs and workers,"Deter layoffs because of AI, reward firms that keep or add workers",Integrate differently-abled people into the workforce - reconsidering what “efficiency” means.
Protecting jobs and workers,"Deter layoffs because of AI, reward firms that keep or add workers","Regulate AI-related hiring and firing practices. Don’t make it so cheap to fire a human (e.g. add a tax to an AI agent) but so expensive to hire a human. Don’t fire people for not documenting a workflow. Document AI agents who are replacing people. Require that if you do business of a certain revenue in California, you have to employ or otherwise provide a livelihood to citizens of California."
Protecting jobs and workers,"Deter layoffs because of AI, reward firms that keep or add workers",Require laws have a human review AI work – do not replace human workers completely.
Protecting jobs and workers,"Deter layoffs because of AI, reward firms that keep or add workers",Support companies that keep jobs/keep people employed.
Protecting jobs and workers,Keep companies from firing or punishing workers for not using AI,Companies can’t fire people who won’t use AI tools.
Protecting jobs and workers,Keep companies from firing or punishing workers for not using AI,"Require employers to include employees in decisions to introduce AI tools, either for employee use or decisions that affect employees."
Protecting jobs and workers,Make companies reskill or give career help to workers who lose their jobs to AI,Companies are incentivized to retrain workers instead of laying people off.
Protecting jobs and workers,Make companies reskill or give career help to workers who lose their jobs to AI,"Companies must include upskilling education as part of any severance package [e.g. new tech / AI skills and resources]. And ensure that package is well-maintained / includes diverse learning approaches and diverse accessibility needs, and focus on those who are on state unemployment."
Protecting jobs and workers,Make companies reskill or give career help to workers who lose their jobs to AI,Reskilling programs that achieve their goals of getting people hired.
Protecting jobs and workers,Make companies reskill or give career help to workers who lose their jobs to AI,Shifting people in the org to underserved areas instead of cutting people.
Protecting jobs and workers,Make companies reskill or give career help to workers who lose their jobs to AI,Workforce retraining programs cost tax credit.
Protecting jobs and workers,Pay workers who lose jobs due to AI while they find new jobs,Additional unemployment support if someone’s job was directly impacted by AI.
Protecting jobs and workers,Pay workers who lose jobs due to AI while they find new jobs,"Universal basic income.
Provide a universal basic income to Californians as an offset to AI job displacement."
Protecting jobs and workers,Track and report on job loss due to AI,"Transparent, continuous reporting on AI’s effect on jobs lost and economy."
Protecting jobs and workers,Use AI for jobs people don’t want to do or can’t do,Align AI use to places where it’s societally beneficial - jobs people can’t do or don’t want to do.
Protecting kids and education,Improve AI education in schools,Commission on improving education in the AI age.
Protecting kids and education,Improve AI education in schools,Data literacy taught in k-12 schools.
Protecting kids and education,Improve AI education in schools,Fund AI training for high schools.
Protecting kids and education,Improve AI education in schools,Fund sandbox environments for students and innovators to scale positive impacts.
Protecting kids and education,Make sure students don't use AI to avoid learning,Check the usage of AI by students.
Protecting kids and education,Make sure students don't use AI to avoid learning,Prohibit AI from most school work.
Protecting kids and education,Make sure students don't use AI to avoid learning,"Regulate AI usage in school:
• Not a full ban. Make sure students aren’t getting high GPAs just by copying.
• Any time an individual uses AI in published and non-published work, they must disclose using it."
Protecting kids and education,Strengthen parental controls for AI use,"Introduce stronger protections for children, like having informed consent from parents and firewalls against using AI chatbots. Include warnings of harm from AI usage for children. Link child and parent online accounts for supervision."
Protecting kids and education,Strengthen parental controls for AI use,"Oversight on how technology companies interact with / provide influence / devices / tech to schoolkids. Require more restrictive, easier to find, easier to use parental controls/administrator guardrails on tech companies that make tools children can access. Ensure kids get AI/tech education in school, including critical thinking about what information they see online."
Protecting people and the environment from the effects of AI,Hold AI companies accountable for harm they cause,Agency to handle public complaints for libel or bias driven by AI.
Protecting people and the environment from the effects of AI,Hold AI companies accountable for harm they cause,Align accountability with ownership.
Protecting people and the environment from the effects of AI,Hold AI companies accountable for harm they cause,Establish trust framework(s) for companies to protect consumers.
Protecting people and the environment from the effects of AI,Hold AI companies accountable for harm they cause,Hold AI providers accountable if their systems do damage.
Protecting people and the environment from the effects of AI,Hold AI companies accountable for harm they cause,Increase capacity / resources for effective enforcement.
Protecting people and the environment from the effects of AI,Hold AI companies accountable for harm they cause,"Introduce laws for libel, for example deepfake pornography, generating and spreading misinformation, political influence and election interference."
Protecting people and the environment from the effects of AI,Hold AI companies accountable for harm they cause,"Make companies accountable and enact criminal liability for any harm their AI products cause.
• e.g. look to current social media court cases."
Protecting people and the environment from the effects of AI,Hold AI companies accountable for harm they cause,Mandate shared liability with the AI provider and the person using it.
Protecting people and the environment from the effects of AI,Hold AI companies accountable for harm they cause,"Protect consumers from deployment of flawed AI systems in important areas, e.g. health."
Protecting people and the environment from the effects of AI,Hold AI companies accountable for harm they cause,Public-private partnership on pilot initiatives to explore alternative levers for corporate accountability (alternative to the existing private right of action to litigation).
Protecting people and the environment from the effects of AI,Hold AI companies accountable for harm they cause,Restrictions on local officials signing NDAs with corporations.
Protecting people and the environment from the effects of AI,Hold AI companies accountable for harm they cause,"Shift away from “shareholder primacy” and towards “stakeholder capitalism,” which includes community impact and long-term impacts."
Protecting people and the environment from the effects of AI,Protect people and the environment from the resource needs of AI,"Data Center ban / Data Center regulation.
• Offset their electric/environmental costs.
• Make sure electric costs do not pass on to consumers."
Protecting people and the environment from the effects of AI,Protect people and the environment from the resource needs of AI,"If you want to develop in CA we would require a path to only renewable energy: wind, solar, and geothermal. (Allow temporary use of other energy sources with limited enforceable timelines)."
Protecting people and the environment from the effects of AI,Protect people and the environment from the resource needs of AI,"If you want to develop in CA we would require to use only renewable energy: wind, solar, and geothermal."
Protecting people and the environment from the effects of AI,Protect people and the environment from the resource needs of AI,No construction of a data center should happen until the majority of local citizens have consented to it happening. There should be a local meeting with a vote. All voting citizens with a mailing address in that area should receive a notification about proposed construction and the meetings surrounding it.
Protecting people and the environment from the effects of AI,Protect people and the environment from the resource needs of AI,Oversight of data centers by Cal ISO.
Protecting people and the environment from the effects of AI,Protect people and the environment from the resource needs of AI,Prohibit data center utilities from passing on the costs to others in their geographic service area.
Protecting people and the environment from the effects of AI,Protect people and the environment from the resource needs of AI,Regulate the impact of data centers. Mandatory disclosure of resource usage. Stronger regulation when someone proposes a site that the public is notified.
Protecting people and the environment from the effects of AI,Protect people and the environment from the resource needs of AI,Scrutiny of the impact of data centers/physical systems on environment.
Protecting people and the environment from the effects of AI,Protect people and the environment from the resource needs of AI,"Specific limits set for the amount of water, water discharge, and energy usage, and other potential local impacts (e.g. noise output) by data centers/companies and should be rigorously tested and reviewed."
Protecting people and the environment from the effects of AI,Protect people and the environment from the resource needs of AI,Zoning laws - Environmental protections from data centers (eg sound).
Regulating how AI works and where it’s used,Hold AI companies liable if they use the work of others without permission,California should require companies to identify which copyrights they’re violating (or force them to close) - like in AB 2013.
Regulating how AI works and where it’s used,Hold AI companies liable if they use the work of others without permission,Companies pay for training data into creator fund.
Regulating how AI works and where it’s used,Hold AI companies liable if they use the work of others without permission,Copyright and IP protection (for example: AB-412).
Regulating how AI works and where it’s used,Hold AI companies liable if they use the work of others without permission,Don’t expand copyright that can be abused by large companies.
Regulating how AI works and where it’s used,Hold AI companies liable if they use the work of others without permission,Require large companies to identify and defend their copyrights that are in AI training data (or fine or force them to close if they don’t).
Regulating how AI works and where it’s used,Restrict and tax AI companies’ profits,"Amend existing law to close loopholes, for example considering AI a product and as a content provider under law."
Regulating how AI works and where it’s used,Restrict and tax AI companies’ profits,"Amend taxation on corporations, specific to stock trading."
Regulating how AI works and where it’s used,Restrict and tax AI companies’ profits,Cap on how much companies can profit from AI products.
Regulating how AI works and where it’s used,Restrict and tax AI companies’ profits,Make sure a single AI company does not control large portion of the value chain or GDP to make sure competition involved.
Regulating how AI works and where it’s used,Restrict and tax AI companies’ profits,Require businesses to internalize the cost of state audits and enforce them.
Regulating how AI works and where it’s used,Restrict and tax AI companies’ profits,"Tax billionaires, as a way of equalizing disparities in society."
Regulating how AI works and where it’s used,Set rules around how AI works,Configure AI tools to act like machines and not like humans.
Regulating how AI works and where it’s used,Set rules around how AI works,"Create better incentives (tax, reputational, etc.) for aligning with established IVO and MRO standards/frameworks (e.g., a tax benefit aligned with a framework)."
Regulating how AI works and where it’s used,Set rules around how AI works,Make a plan of ethics for AI.
Regulating how AI works and where it’s used,Set rules around how AI works,Pre-clear new models for impact concerns before release.
Regulating how AI works and where it’s used,Set rules around how AI works,"Regulate how long a single AI chatbot can engage with users, and utilize attention-grabbing strategies with questions to help users determine if they are overstaying and overspending. This should be evidence-based and there should be strategies that will inform users when their behaviors may be getting addictive."
Regulating how AI works and where it’s used,Set rules around how AI works,Require US to have sovereign AI models.
Regulating how AI works and where it’s used,Set rules around how AI works,Tax AI token usage.
Regulating how AI works and where it’s used,Set rules around how AI works,Transparency in what info is being put into the AI programs to protect from bias. Benchmarking for bias should be a standard and it is the company’s responsibility to publicly display what their benchmark place is. Any AI model released to the public should be required to pass standardized bias testing. The gov’t should create a standard for bias testing and make it publicly available.
Regulating how AI works and where it’s used,Set rules for where AI can be used safely,Automation technologies used in the hiring process should be banned.
Regulating how AI works and where it’s used,Set rules for where AI can be used safely,"Create stronger disincentives to discourage irresponsible use of AI, e.g. in medical services."
Regulating how AI works and where it’s used,Set rules for where AI can be used safely,"Define domains where AI is not permitted to participate, or where AI can enhance humans."
Regulating how AI works and where it’s used,Set rules for where AI can be used safely,"Incentivize AI employers to have presence in edge areas, education."
Regulating how AI works and where it’s used,Set rules for where AI can be used safely,Insurance companies must meet certain customer performance standards in order to receive state reimbursements and not rely 100% on AI.
Regulating how AI works and where it’s used,Set rules for where AI can be used safely,"Preserve election integrity, for example preventing politicians from using AI to generate campaign content."
Regulating how AI works and where it’s used,Set rules for where AI can be used safely,Publish guidelines on where AI use is okay and where it’s not. There should be an exception list of data that is off-limits for AI (such as HIPAA compliance). Constraints need to be laid down and legislated.
Regulating how AI works and where it’s used,Set rules for where AI can be used safely,Regulate how AI is used to make decisions that impact lives.
Regulating how AI works and where it’s used,Set rules for where AI can be used safely,Require a warrant for use of any private data for law enforcement.
Regulating how AI works and where it’s used,Set rules for where AI can be used safely,Revisit the state AI telephone system.
Regulating how AI works and where it’s used,Use AI to improve how government works,Government should license new AI models.
Regulating how AI works and where it’s used,Use AI to improve how government works,"Govt establish fund for companies to make AI products for govt (incentivises innovation, tools & services that can be useful for the gov’t)."
Regulating how AI works and where it’s used,Use AI to improve how government works,Legislation to utilize AI with human oversight to root out waste and fraud within the public sector to make sure the money is going to the right people.
Regulating how AI works and where it’s used,Use AI to improve how government works,Use AI to conduct upstream and downstream impact analyses for state programs/processes.